ifile,file
190,7AEzt7nUCjgfLmZ5PJXUkg_right_cropped
177,6uDfXfuXpWk4KnnsrDup8w_left_cropped
43,0jSQ8L9Wu45zxv3_YFU-TA_right_cropped
352,uTrSLzr09cSnBhZZanHJTQ_right_cropped
303,RrX8jDboUGNizWSj1Mntpg_left_cropped
176,5CEfuFWL4S1iaHotF17wkQ_left_cropped
313,haYUm8vFd7anycEqj079bQ_right_cropped
137,5c79JCjUt2u4Hw6L8twErw_right_cropped
36,ML4qEznuDrnGHEpFbIWR0Q_left_cropped
288,pj3ni1XniVg9Jdnek83gew_right_cropped
232,7L3Td6NjgVvJfQ3Z6N9APw_right_cropped
138,6eZ6qPnNLNgrKJhZ0WnVtA_right_cropped
217,74mIsI3VDilhCDM7B1n6PA_right_cropped
173,6j7OrVdwMMVx4NWH7wWXSg_right_cropped
86,mMvuVG9_BZ0P7p5sV9FbXA_right_cropped
295,lGlw88esnABU8ARHAoDYeg_right_cropped
46,mKwsod5SaQ2iL2GFK3Hf7Q_left_cropped
60,0lk4HMBBSkpdeoZJM66L_A_left_cropped
261,6fv9SnxuF06Mw_jte6N-1w_left_cropped
97,MlgeaKEzPiQab5xtO6ldtg_right_cropped
320,C32tnvgp1etpXedaF4ZhsA_left_cropped
122,5w1gSkKylb1yrAVtuV9k-A_right_cropped
66,mLNhkHClIX4q0Md2JkXsBQ_right_cropped
117,MMRdbuctPfEa796NEZ3hXg_left_cropped
206,7hK0UHuZG6jYh9m5MKJORA_right_cropped
319,JZH0ZhrzgsPeUk36LFf4UA_right_cropped
279,E1EbKWmA6F7z9hrR5xGLig_right_cropped
40,ML9SgmQiXc19v87x3g8kKw_right_cropped
166,6mXqN0qH9zdtKxzEfGD0ww_left_cropped
228,7CkWHodH74tsNSdMs38ZQQ_right_cropped
21,0LJKGbsZtqDfCd1SZIKAMQ_left_cropped
25,MLGJYqQTUm5x1y_l_oWcOQ_right_cropped
70,0iay4CZutJCTb0nXf6tWIg_right_cropped
360,O43s-EvngQt8MQqGDrBgMQ_right_cropped
292,K5ihJimOmtjU0D-4Bm596A_left_cropped
17,0iSnmkk6yWDf5Fzu_gZY-g_right_cropped
72,mKQxoWgznYIaFhQTkRIatA_right_cropped
227,6KjNZi2_d6SaOuTUmXezIg_right_cropped
48,mNDkYNWXiQYnKf9cI4qZdQ_right_cropped
73,0jAV7PP_ZY3alWwO13ccTg_left_cropped
257,58dJz6sqscUMPJNf43rnAA_left_cropped
214,6lDo9v8_PIqVxlg8rrOvew_right_cropped
88,mMqMJtunzt-mBDWoL_WkEQ_right_cropped
131,6kwMZz5prV7PdG8aUpVMnw_right_cropped
268,B7SNCsJs4QZveWdDQuGCKg_right_cropped
251,5vtZybYrnfPH9aOpbPlmBQ_left_cropped
14,0hLbANpBtL95FqCZZ1_DRg_right_cropped
180,5P-EL6HKZmaH6yCqbkEOww_right_cropped
161,78ShYU2baYBKxAyxrgKZBw_right_cropped
280,qkTbhC9SFatUzRJ5ZeX1FQ_left_cropped
102,MM3gRQFmB9j_MT-aiEsFIg_right_cropped
185,5Wqk2aJLQVtKeMrrK1nZ1Q_left_cropped
159,6wP0YDAzFvZyidknSvMkpA_right_cropped
347,b1bjDcF0LkTqzLDzA_dxSw_right_cropped
328,ih4jKmyTY8DuKLQoovrShw_left_cropped
121,7BmpR_3uVOMrMC3YUcl6wA_right_cropped
345,jJe0mAazP9NrgXuWEtWNMA_right_cropped
175,6N2QiyRZumc8JFTwNGd_Ng_left_cropped
299,CfeJtRC0JTE1I3dD2LmtAw_left_cropped
89,0i7ErwrXe6agsJGpn1ycJw_right_cropped
307,PZ_APfkxBiGbuc2JayyJ3A_left_cropped
55,mJZWtDXgKVI0uN129h6dHA_right_cropped
87,mk4iSwYCPFDuIJ8icTwt2w_left_cropped
158,5rsD2qBDjN2qHrGaJM2yDQ_left_cropped
255,5v_OdliuRRTtl4sVX1S--g_right_cropped
338,pM4M5DTA5ux0Jf8ymzREOg_left_cropped
27,mmdUOilk44q8-22C4tAjyw_left_cropped
114,0GObfmcOyFALHiZeoYMVoA_left_cropped
318,bTmEd3BUWOSoiqiM4Rftiw_right_cropped
167,6J0lcFJJto9mOYF4mLp9Qw_right_cropped
92,mndBqbdlX64oJnM7lgDk2A_left_cropped
109,0LnYT_xHjfVQqocbdTlJPw_right_cropped
231,6f8GS_GYrMfVMHKKPzcqCg_left_cropped
100,Mk-7Bn1NEC82dsd8EA8KFg_left_cropped
244,5u5dNi7wq7hd8HOK-DmMAg_right_cropped
13,0lQyneTIAwkAAH5djTOvCA_right_cropped
141,5W9ZSmNrAlboxT2zsUFqqQ_left_cropped
94,MnAcj4QMzBFtyqgD0H5Hog_left_cropped
242,73Ou01cQWJLVrsRLx3NV-A_left_cropped
179,6rW55IMQdQlhvkzD-_JAwQ_right_cropped
130,5GrvxifQPiZRiY3afM83bg_right_cropped
312,cFdjmg-qSW9Gu279exwFLA_left_cropped
195,64Fw8DJY9QtApRzwB25c5Q_right_cropped
264,C--41x3AtsTGOEBMl7spLw_left_cropped
305,JZPjqlEgmq6sLH7aPFk2Gw_left_cropped
93,MNa0xRInSP5PSJvuiLJa2w_left_cropped
82,mkWjXqAyiMv8fq2kEZ3QJQ_right_cropped
342,fl3voUNGtg8mD5Sv710BMQ_right_cropped
128,5jwWiCTIUR5EERpbRLprdA_right_cropped
198,7ABq6FbPLFo4husCe4xbHg_right_cropped
329,kDcnbgZXW5CntWbS8-ArJw_left_cropped
18,mjZh9G994E3RR0yI7jL63Q_left_cropped
351,Pv7jP6mL9APHtuRfQ76U3A_right_cropped
337,hcsRNJR-TQ3647N0kSQhCQ_right_cropped
125,6E65GXzpV0vAWuGtbnUcvg_right_cropped
81,MmPJHzpXK_bQ44tC_biq7Q_left_cropped
335,4yjDFAh-L8B8RzdjurTWfQ_right_cropped
283,r6KDMidHz_9uclhqZrTIRg_right_cropped
186,_5K01QRSnhGrbD-9OlWC5A_right_cropped
282,EWCKJX9hAuZtjvZkMm4O6A_left_cropped
124,73ngljWc3FXrlpjf5MbQLg_left_cropped
333,sSIlB63DF-uUlOycbfwJmA_right_cropped
135,5erN7G6JwZCT7h7jNdgwHA_left_cropped
363,BIXuyUysVrj9lHD2klSXsg_right_cropped
229,6DMP8nvhiKJ50iKGpWf7Jw_right_cropped
178,6QdaDduruhDVJoe6_4jlqg_left_cropped
169,64gkClSM7mcL27PuI3k6tA_right_cropped
30,0Fd2-EMoSL8aQH71VSr42Q_right_cropped
262,jUZpdKJJxSO9o18nx9-oPg_right_cropped
343,6qsNKlv8n-NGuyYzI0M-5A_right_cropped
116,0JW-e-lFzCPohkitv9tVTQ_right_cropped
316,8BnKQflDr4dG7bnkHRArpA_left_cropped
136,6-GE7kiloBxKpqP8TWHNJA_right_cropped
226,5SVtwyv3a9VQQ1Hd7RATFA_right_cropped
129,5XpTBdJkgw1psy1bqQLViw_right_cropped
285,pjEBEzTkwWYjkZx9SFEpRw_left_cropped
78,0FlWg-3BYk3fXnJz18gV_Q_right_cropped
215,_5K01QRSnhGrbD-9OlWC5A_left_cropped
134,5IK8ODgDNNc9Z48H48iy5Q_right_cropped
37,jfK451kF7hwzPJlerk6PVw_left_cropped
253,6sTdEon-E7YX_GoCb8XgGg_right_cropped
140,6P5V74M3v5dKW6Nkcra3aw_left_cropped
56,0lFDTZG10lZ5ICfKqsLTfQ_right_cropped
298,KbQFT4Ys9bBDB7e58ILwww_right_cropped
317,Del_Y2qBdSZF_bB8DAEz9w_right_cropped
249,5CRWm41xzRBqRX_77ALM6w_right_cropped
103,MNDd0pC6TssR2Q45MtPoBg_left_cropped
237,5jHyfwkEqpgeiJztYxQOGA_right_cropped
311,FD98Gmk1DDsdH3KpVcpGLw_left_cropped
34,MKp_UW3q03ppjlTzXSMjZA_right_cropped
267,tGxUj7cwjifeqVGIkWL2wA_right_cropped
53,mlItm_4v1nITVQPzLSMAYw_right_cropped
64,0kgMbB69L6DtZAItoFVK7w_right_cropped
281,BRfhAWEVDBASs9bubc9Y0A_left_cropped
38,0ES73Um6GQpqObqG60Xfjg_right_cropped
245,6Pn7Rni8D15IT_UVXxhh6A_right_cropped
28,Mmc0iKwE3Lxvw4MF5HRaHg_left_cropped
155,7jpu9aN3bPlAAfyeVJfImQ_left_cropped
240,6H7aUUz1kQyTKDJq4OkQkQ_right_cropped
57,0lk4HMBBSkpdeoZJM66L_A_right_cropped
349,-hcN6Dux8hxUHGMdy7NymQ_right_cropped
250,7i0F17CDsKd4sONH3QQbfQ_left_cropped
260,6S2GwzcC4j8PLAkeS8rI9w_right_cropped
126,6amQqRL4BLQ8CadATcXkhw_right_cropped
310,fkv-9sJ7WDub1C2j9K1cdg_right_cropped
286,pH9cVZgwmgq-w4j-sMiQDA_right_cropped
293,1S_P2BBp8sbngD8OGOpDlA_left_cropped
208,7ddJLYHMYW-ilByEtx35lQ_left_cropped
339,R5VuMv7nncFuP9f8H9fewg_left_cropped
321,OSKscrHpEDjccSu64bzvTQ_left_cropped
353,37Wqm_Wa6ph62nir5_xATg_left_cropped
42,0H4C8ZUtjRWD4XCgEIvoDA_right_cropped
308,tjPbp4O3y-1qPvycAHeGSA_left_cropped
52,-2vsC27lIuECdp80ocaPVw_left_cropped
246,5n5R4XWENQb0FeKDHTfXkA_right_cropped
50,0ijFWE3xwPjwqJ36SQFx3A_left_cropped
235,6EjeiRLC_1TFh1B-CU0QBQ_right_cropped
33,0GN7wGPNwsb6DcD70DwjdQ_right_cropped
148,5FHYO1QZDbrHpyoRFq7fVQ_left_cropped
142,799T0VdfO_bvdvNZBwHiug_left_cropped
309,5jy_DzwzogZqn-o5NccVmA_left_cropped
188,6zlxP7DbnrtaYMm_Qm9xOg_right_cropped
274,oxYIzgKhBOwDCB7syQywHw_right_cropped
354,BtOiADI0-Tt3ohXe8SaUeQ_right_cropped
314,Jptc6HzNYynWuGqsj97qdA_right_cropped
10,mkhjggfb0z1kjQCQgNnlaw_right_cropped
252,7eyF9NhpxxgN-BRTxWpIlA_right_cropped
164,7fI2bYyAUGyoo79a2EArDA_left_cropped
156,5KIYTZmbmpUdZYhycp2OVw_left_cropped
15,mKmlxM83Yt5zt-Lz0WaPPw_right_cropped
272,kC3749CL3PPEmoOCRI6URQ_right_cropped
74,0h9W6lF--X1purmgLWUW9A_right_cropped
110,0iT2ict-HBrJK8SWwppg6g_right_cropped
22,MKvg1vu2V1mRsiv3C4LNDQ_left_cropped
23,0gR_KyKkl0Ea0-8YPrcbGw_right_cropped
258,70765fBtm_YumOzn0q4btw_left_cropped
213,5vIiM2uh4O_baft0-Okdcw_left_cropped
222,7heIxPD_7j4CzAQi-2NGOg_right_cropped
84,0ILyTT30NvHPkQMXGSuCMA_right_cropped
7,mKQxoWgznYIaFhQTkRIatA_left_cropped
183,5RypdQoy0rf-YmkIzMxBOg_left_cropped
59,mKNoDBdYMBB28VzX74OkIg_left_cropped
95,0L9nS_ovxnPaTlIvWnpqfA_left_cropped
181,5KkWTckzbxB8c6Cf-3riOQ_left_cropped
101,0jBDCSG3RI0Do-zpUt9vPA_left_cropped
90,0JtVO0SmwbILNg4w3DQx6w_right_cropped
355,6xbwotI3xQS5qHmspKTRgw_right_cropped
346,GlXr0taGK0uX2WIb3nCspA_right_cropped
196,6akoagND6j5kWXWkspEeMg_right_cropped
301,Bn2_y2-i1XADtDA8wqQ4hw_right_cropped
197,6NBXBfa4bFKPzJA7isKtpQ_right_cropped
277,ftWSFBXnWCp3cwvLYpMgTQ_right_cropped
266,FfjrcdxpEOc4Ef7NOBj6tA_right_cropped
149,-7c-58c4qgjmeMDOOBUDPQ_right_cropped
192,6G7GJ6zextR2JMyCIQhV3A_right_cropped
278,QPJOiMmKc4WQiIA4BRFXmg_left_cropped
2,0Ic6XMEefczTy7kZ5txyyw_left_cropped
207,5pT8VM9AMIfBlmevRGBQYw_left_cropped
104,0kx0ENOFKt6O7FtlnHDBxQ_left_cropped
275,aWCzn6bt3NbIpRh44M98dg_right_cropped
362,BEGgWu0wuIEJoEv5KoqLbQ_left_cropped
172,74S87iqUmUsOgdpmwp95vw_right_cropped
91,0KSgF4AekFHCs67Dkchd0Q_right_cropped
326,7myg7hoo6_F0tKDMSafd9Q_left_cropped
322,2UIeGMp07jKrDE9_qFCkpA_right_cropped
118,72_iKGC554hdmcuZTh6Ujw_right_cropped
254,5b1nKLWetI8q6FFKWhkhlw_left_cropped
132,5txafmSRbIu-_mj0SP1Jjg_left_cropped
44,Mn9NtYIW6iqXPDOVjBREHw_right_cropped
202,5dUAkI200y24jwrUx3u7pQ_left_cropped
119,5fl5rcFkXhWd9U1r3XmmJw_right_cropped
236,5IVWCFxExoV0pHPZ6561oQ_left_cropped
332,8tv73JVB2iIlSIFbMotG5w_right_cropped
269,lXimlQh-4vR2XwWYahheDw_left_cropped
294,98Ai9dy2X17iLxAwp_SF4g_right_cropped
152,64FPfYoiL643w6Y_S3KNxw_left_cropped
77,mLNhkHClIX4q0Md2JkXsBQ_left_cropped
9,mly2NDEBN1eSgqAjtJmCCw_left_cropped
19,0iyodiCgs2dZytwuphYzjg_left_cropped
63,0lgfNsuBNUatEdxHO6z2Rg_left_cropped
331,j5OWacKN5bCrgS0_NYbhjg_left_cropped
300,EB3jGdNO7lYYIhUSggpV0A_left_cropped
271,nYX3t_humaDLZ3fsAwe9wQ_right_cropped
80,mlVmdVx_Tulqq_wZOmmVVQ_right_cropped
61,mkphpDjlrNJV4LWlIrEWfg_left_cropped
71,0Fc6bTtB8aUFLDwl1OYDXw_right_cropped
79,0ksU6dXv0hpC3L7Qcxz7-w_right_cropped
54,0HICEUs6NwQSYyaq0w_geg_left_cropped
107,MlC8YG4fR1k8k-oIzQWCig_left_cropped
153,6VgvZYLS7nUoLlVOkpcbdQ_right_cropped
193,5zCCv9ZadkGKuhzKratRWw_left_cropped
209,6O6jCHa851pBCNTqM0ORzg_right_cropped
139,73vFZHU1QWH3CA_AsHiHPA_right_cropped
276,h5no3C9V1sdfOuMn9c0JIQ_left_cropped
85,mKWRx9_bgcNR7auJuuviYg_right_cropped
108,mkWjXqAyiMv8fq2kEZ3QJQ_left_cropped
45,0ijFWE3xwPjwqJ36SQFx3A_right_cropped
359,p0sxzIPcALztLtJRzp8EnQ_left_cropped
120,6Y72JI_fZ9pjE6QbLTz6DQ_right_cropped
111,0kLhZYAzALTGuNBjheKKQQ_right_cropped
330,iFPw56QZAF4r7XUy6SwtMQ_right_cropped
341,dH95RM6QQ8lRlUDZ18Gccw_left_cropped
334,qja38714jyHNaRhSKtc19g_right_cropped
241,6a6QY4bRB9h__EJSlLTOgw_left_cropped
68,MlVxNJJuPju1A5zZn2UQSg_right_cropped
170,6ykQ7X_3BO0Cha_mCFvNtQ_right_cropped
200,55t_oREeQKvkCVBuUYsyTQ_right_cropped
233,6UbVolaUmzLHKulIbqeg4g_left_cropped
51,Mmhj2uVQ-MIqmHpdCWOKvQ_right_cropped
296,PSEGGGVWD3GiEm8sfOu5TQ_left_cropped
304,hsRpX8dXLjPMFodNfivpHg_right_cropped
41,0lbOkped8nkrwCpPJXOJkA_left_cropped
0,0F3mNK27V6-_r0s_vT8mRA_left_cropped
358,Jy-FePILfx1I-yNdfJhWkg_right_cropped
133,5OcYUec-R7RvTYwU-wKX5A_right_cropped
151,688PZY0a3U84VBXvylf1dg_right_cropped
365,oRm7JWrrMxaYIzrC8FoeAg_right_cropped
145,6xF4H2QlZlxSkSecKUD1VQ_left_cropped
325,db8EAV3ZTjOoZOKWJ839yw_right_cropped
75,MKp_UW3q03ppjlTzXSMjZA_left_cropped
230,6WKO5LMI7Lk44yM5WUiv7w_left_cropped
344,MjNIpQD-OYZU5ZkTOte-FQ_left_cropped
203,708E0QK-YVKfRx-A9dujSg_left_cropped
210,7aViwR51sSQHEbXrf2xcew_left_cropped
211,5Db4a_H08NSscPvmjGP5aQ_left_cropped
8,MMfev9BP6tHXHN1b259fnA_left_cropped
58,0HUYd3Q1GH884udRPh7sPA_left_cropped
98,0kESUyIev5Ks2zk30Ubm6g_right_cropped
350,-tQjcEKAQWkQ6CnqRmfoGA_left_cropped
306,oGpmHAs2RQD_yUUOMs-RdQ_left_cropped
327,SpQZ3aB3DDpa-vmVZdbpaw_right_cropped
32,0kB9lkZ6WJO2EUj5bZJ9Zw_right_cropped
1,mKC1OtVDVvtdmC7dqd8uBA_right_cropped
144,5z7BpKC-hAtKyyNPtzHakw_right_cropped
162,6tM24ollKuNGu6FD1-a4Uw_right_cropped
256,6VHvS8TKoy3eyJykwIWw1g_right_cropped
65,mlFOEvENYgi0wFXHQaOsBg_left_cropped
4,0gD6Jqg2xidqSDucx-gsrA_right_cropped
147,6_M7FR-LhGekoSnlaVNMHw_left_cropped
115,0kQnv6heaWVDHt2g9DbhNA_right_cropped
225,7dR5GV74m7U7mjX6-wl1UA_right_cropped
184,75qh5FX5P2HiExBnSHqcNg_right_cropped
361,A7j3HUjSl1Y5uElhPqpt2A_left_cropped
76,0_gL-wAJREi6eR8h5YJ0GA_right_cropped
216,-5MUfW5feZfiuBBzkcljTA_right_cropped
364,UcT2Sg3ffS3EuSZVlP2LBw_right_cropped
96,MMH9ASAiXW2w86rz9qtdvA_right_cropped
146,5MERpuycn18Rf0Jh17jmMg_right_cropped
49,0-FfU4tju9lnk_8UEo7Ejg_right_cropped
205,5tPZGWdQf--6_Ey8DZBsBw_right_cropped
168,5UDzHZdpULX3qIAYx2im5g_left_cropped
289,tEoKdbcoUsMBCTcaLrknYw_left_cropped
35,0F1zwxR8a5g5xsrOWlwiBQ_left_cropped
323,DAMn7eWejP1ZqOuGoBKdhA_right_cropped
270,FDvOmoGFZektJKSCmXr8sQ_left_cropped
113,mmK6EgoDmRb32bCmdvxFYw_right_cropped
11,0HhU5-2xk39sIj1BqyH76w_right_cropped
24,MK1lHXDcetDSNYtLwpdR3Q_right_cropped
143,68Uow3BbngwoCpYXl7F5rQ_left_cropped
26,mm_-YsE1x87mSXZ88qnrPg_right_cropped
243,7_egdEg95v76MXju5Ok0XA_right_cropped
219,5Q_qNg3NOuG8ogGab8JB0Q_right_cropped
340,8zDKSAVgyrop62kBkiHPTw_left_cropped
16,0GsKFrXBD4HQNNkYNJZYJQ_right_cropped
69,0ITohCutv2RRusUNNJjBJw_left_cropped
83,MMETe3q48dF5gSueHVFLgA_right_cropped
218,5Wa9v1bMdpZH22tssYk7wA_right_cropped
99,0F10PoTSXgLRB04XnnGVAA_left_cropped
12,-Mn_cIa5HO722DNEcNDiIg_right_cropped
189,5LyKjLo7m5KEgAwjTzVynQ_right_cropped
47,_MKdt8rSYX8vjJ4D-prHrQ_left_cropped
220,76b0P7eKN4VRl8dRaCD2uA_left_cropped
204,6wkUgINDrUYGhYW6bjLWdg_right_cropped
150,5WRevc12Cg35QQ9yaLV5Mw_right_cropped
199,7J83BizJJ1wnHUPWH7sIaQ_right_cropped
357,BAOF3ZHic8cWZlfFfP2fHg_right_cropped
174,6MMfoJ3tLC7GAX10Hrz_6w_left_cropped
62,MkgYeTQR6R2ASyehCqj7qg_left_cropped
259,6fUjEd5q1FduNpXcSnCEXw_right_cropped
112,-7su3xffb2br1uU0ujXsiA_left_cropped
324,8VmjuzwEkoAZ5Jk7wGAZKQ_left_cropped
39,0JnNl9ytpB_L-rXtrVA1tg_left_cropped
31,Mm61GZYrad81Q68B_3e6Fw_right_cropped
212,6W84tGx4d9J-QAZ6yI-n5A_right_cropped
248,6af97U-o_QuCvEpnoVvN3Q_left_cropped
290,Ii3doM8DWFVk9vVii5TD2Q_right_cropped
287,G3n5o4bR-1HZ2VgFOSy7PQ_left_cropped
336,ArgKubZ99aQHTeJO_4PpOQ_left_cropped
106,mKYeg7atq687S3_TH8aBwg_right_cropped
265,GwsByDzQyaBW1MfX7CjFHQ_right_cropped
221,5hBdoHIFVh69d5KDoKadsQ_left_cropped
315,QKVWb55rlcYrXBwBN8qNUQ_right_cropped
160,6mub-Ey9neyS6FasLnLCjQ_left_cropped
247,-6uxNiJHF6rNGPsRyIXeGQ_left_cropped
20,0EViNVDZVA4seVh3o7F1Dw_left_cropped
3,0h0Q6Dbc0uyLL6aDslDBFQ_left_cropped
163,6E5f0OkTcmYkDyYuv2xYHg_right_cropped
297,nEeAjaDrXMyj-8nY3_ScsQ_right_cropped
201,6FxJ5pMjlngqSF0XBfhDDg_left_cropped
291,2Gx6kG0cSGdLu0vJSbKpvw_right_cropped
6,0l9tkn3-U87Tf4dHtSg2rA_right_cropped
356,d_wAYkKMM3nPbKJ1tj6U8w_right_cropped
302,dkarsQwY5iB6d8k2mZALUw_right_cropped
29,0KcAPXAi04o_dNhK0-BbHw_right_cropped
224,5zZ81655cGa6mNDW192tFA_left_cropped
165,5AD1xh8zqJ5q7WkAOV2A5A_right_cropped
127,-64b2q6_3YSEGibI14ZkrA_right_cropped
123,78JxT1DV3H0Ze8ahdZIA5A_right_cropped
182,5K16xk-KhmDX0eAWpeOl2g_right_cropped
154,7jNcFc30HLtiMBYXaMEjWw_right_cropped
284,EgyZMQF7WifMzJQt29dGhg_right_cropped
67,0H2a1nFUT8lpS1Ujs8N0AQ_right_cropped
105,0Lq3o0bL0aOJp64v2rkQ1w_right_cropped
